CodeModule;NomCours;CodeEntity;Description;Librairie;NomModule;NbParametre
0;"Initialization";6;"ClasseSimule";"Initialization";12
1;"BhyRunOff";1;"Bileau";"EvalRunOffScale";6
2;"BhyFilingWater";1;"Bileau";"RempliRes";10
8;"BhyCropWaterNeed";2;"Bileau";"DemandePlante";3
9;"BhySoilWaterNeed";1;"Bileau";"DemandeSol";3
23;"BhyFESW";1;"Bileau";"EvalFESW";3
24;"BhyFTSW";2;"BilEau";"EvalFTSW";3
26;"BhyCstrPFactor";2;"Bileau";"CstrPFactor";5
27;"BhyTranspi";2;"Bileau";"EvalTranspi";3
29;"BhyUpTakeResSep";1;"Bileau";"ConsoResSep";11
31;"EvalLtr";2;"Biomasse";"EvalLtr";3
33;"EvalRespMaint";2;"Biomasse";"EvalRespMaint";7
37;"BhyKcp";2;"Bileau";"EvolKcp";3
42;"BhyKce";1;"Bileau";"EvalKce";3
43;"BhyKcTot";1;"Biomasse";"EvalKcTot";3
49;"Meteo9Par";3;"Meteo";"EvalPar";3
50;"Meteo2Decli";3;"Meteo";"EvalDecli";2
51;"Meteo3SunPosi";3;"Meteo";"EvalSunPosi";3
52;"Meteo4DayLength";3;"Meteo";"EvalDayLength";2
53;"Meteo5SunDistance";3;"Meteo";"EvalSunDistance";2
54;"Meteo6RayExtra";3;"Meteo";"EvalRayExtra";5
55;"Meteo7RgMax";3;"Meteo";"EvalRgMax";3
56;"MeteoEToFAO";3;"Meteo";"EToFao";14
57;"Meteo8InsToRg";3;"Meteo";"InsToRg";6
100;"BhyInitPlot";1;"Bileau";"InitPlot";14
102;"Meteo0DegToRad";3;"Meteo";"DegToRad";2
33104;"Meteo1AVGTempHum";3;"Meteo";"AVGTempHum";8
33110;"BilhyEvapPot";1;"BhyTypeFAO";"EvalEvapPot";3
33113;"BilhyCstrPfactorFAO";2;"BhyTypeFAO";"EvalCstrPFactorFAO";5
33114;"BilhyETRETM";1;"BhyTypeFAO";"EvalETRETM";5
33115;"BilhyConsoResRFE_RDE";1;"BhyTypeFAO";"EvolConsoResRDE_RFE";10
33116;"BilhyRuis_Seuil";1;"BhyTypeFAO";"EvalRuiss_Seuil";6
33117;"BilhyRempliResRFERDE";1;"BhyTypeFAO";"EvolRempliResRFE_RDE";15
33118;"BilhyEvolRurRFERDE";2;"BhyTypeFAO";"EvolRurRFE_RDE";15
33119;"IniParcRFE_RDE";1;"BhyTypeFAO";"InitParcelle";21
33121;"InitiationCulture";2;"MilBilanCarbone";"InitiationCulture";17
33123;"EvalDegresJourTOpt";2;"MilBilanCarbone";"EvalDegresJourTOpt";4
33125;"EvalConversion";2;"MilBilanCarbone";"EvalConversion";9
33126;"EvalParIntercepte";2;"MilBilanCarbone";"EvalParIntercepte";3
33127;"EvalAssimPot";2;"MilBilanCarbone";"EvalAssimPot";3
33128;"EvalCstrAssim";2;"MilBilanCarbone";"EvalCstrAssim";2
33129;"EvalVitesseRacinaire";2;"MilBilanCarbone";"EvalVitesseRacinaire";8
33130;"EvalAssim";2;"MilBilanCarbone";"EvalAssim";3
33131;"EvalDeltaBiomTot";2;"MilBilanCarbone";"EvalDeltaBiomTot";4
33134;"EvalReallocation";2;"MilBilanCarbone";"EvalReallocation";6
33135;"EvolBiomasseTotale";2;"MilBilanCarbone";"EvolBiomasseTotale";7
33136;"EvalAllomTotAer";2;"MilBilanCarbone";"EvalAllomTotAer";4
33137;"EvolBiomasseAerienne";2;"MilBilanCarbone";"EvolBiomasseAerienne";9
33138;"EvalBiomasseRacinair";2;"MilBilanCarbone";"EvalBiomasseRacinair";3
33139;"EvalAllomAeroFeuilV1";2;"MilBilanCarbone";"EvalAllomAeroFeuilV1";5
33141;"EvolBiomasseFeuilles";2;"MilBilanCarbone";"EvolBiomasseFeuilles";11
33142;"EvolBiomasseTiges";2;"MilBilanCarbone";"EvolBiomasseTiges";7
33143;"EvalBiomasseVegetati";2;"MilBilanCarbone";"EvalBiomasseVegetati";4
33144;"EvalDeltaRdt";2;"MilBilanCarbone";"EvalDeltaRdt";5
33145;"EvolRdtV2";2;"MilBilanCarbone";"EvolRdtV2";3
33146;"EvolSomDegresJour";2;"MilBilanCarbone";"EvolSomDegresJour";3
33147;"EvalSlaRapBiomV2";2;"MilBilanCarbone";"EvalSlaRapBiomV2";8
33159;"EvalDegresJourVitMoy";2;"MilBilanCarbone";"EvalDegresJourVitMoy";7
33163;"EvolRurCstr";2;"BilEau";"EvolRurCstr";8
33164;"EvolPhenoGraminees";2;"MilBilanCarbone";"EvolPhenoGraminees";18
33165;"EvalRdtPotGramin";2;"MilBilanCarbone";"EvalRdtPotGramin";8
33166;"BilhyFESW_RFE_RDE";1;"BhyTypeFAO";"EvalFESW_RFE_RDE";6
33167;"EvolLAIPhases";2;"MilBilanCarbone";"EvolLAIPhases";4
33168;"BilhyEvapSurfFESW";1;"BhyTypeFAO";"EvolEvapSurfFESW";12
33169;"EvalDRdtPotcstr";2;"MilBilanCarbone";"EvalDRdtPotcstr";6
33170;"EvolRurRFE_RDEcstr";2;"BhyTypeFAO";"EvolRurRFE_RDEcstr";16
33206;"RizPhenoPSPStress";2;"Riz";"EvolPhenoPSPStress";21
33207;"RizEvolPSPMVMD";2;"Riz";"EvolPSPMVMD";11
33244;"SorghumMortality";2;"Sorghum";"SorghumMortality";3
33255;"EvolPhenoSarrahV3";2;"phenologie";"EvolPhenoSarrahV3";13
33256;"PhotoperSarrahV3";2;"phenologie";"PhotoperSarrahV3";12
33258;"EvalVitesseRacSarraV3";2;"phenologie";"EvalVitesseRacSarraV3";8
33260;"EvolDayRdtSarraV3";2;"BilanCarbonSarra";"EvolDayRdtSarraV3";5
33261;"EvalReallocationSarrahV3";2;"BilanCarbonSarra";"EvalReallocationSarrahV3";7
33262;"EvalAssimSarrahV3";2;"BilanCarbonSarra";"EvalAssimSarrahV3";4
33263;"EvolBiomTotSarrahV3";2;"BilanCarbonSarra";"EvolBiomTotSarrahV3";9
33264;"EvolBiomAeroSarrahV3";2;"BilanCarbonSarra";"EvolBiomAeroSarrahV3";8
33265;"EvalFeuilleTigeSarrahV3";2;"BilanCarbonSarra";"EvalFeuilleTigeSarrahV3";11
33266;"EvalSlaSarrahV3";2;"BilanCarbonSarra";"EvalSlaSarrahV3";8
33268;"EvapRuSurfFesw";1;"BilEau";"EvapRuSurfFesw";4
33269;"EvalRdtPotRespSarrahV3";2;"BilanCarbonSarra";"EvalRdtPotRespSarrahV3";16
33270;"MortaliteSarraV3";2;"BilanCarbonSarra";"MortaliteSarraV3";6
33272;"RS_EvalDegresJourCorVitMoy";5;"risocas";"RS_EvalDegresJourVitMoy";10
33273;"RS_Phyllochron";5;"risocas";"RS_Phyllochron";7
33274;"RS_EvolHauteur_SDJ_cstr";5;"risocas";"RS_EvolHauteur_SDJ_cstr";18
33275;"RS_EvolKcpKceBilhy";1;"risocas";"RS_EvolKcpKceBilhy";6
33276;"RS_EvolEvapSurfRFE_RDE";1;"risocas";"RS_EvolEvapSurfRFE_RDE";14
33277;"RS_EvalVitesseRacinaire";2;"risocas";"RS_EvalVitesseRacinaire";12
33278;"RS_EvalParIntercepte";2;"risocas";"RS_EvalParIntercepte";3
33279;"RS_EvalCstrAssim";2;"risocas";"RS_EvalCstrAssim";3
33280;"RS_EvalRespMaint";2;"risocas";"RS_EvalRespMaint";14
33281;"RS_EvolPlantTilNumTot";5;"risocas";"RS_EvolPlantTilNumTot";13
33282;"RS_EvolPlantLeafNumTot";5;"risocas";"RS_EvolPlantLeafNumTot";5
33283;"RS_EvolMobiliTillerDeath";5;"risocas";"RS_EvolMobiliTillerDeath";11
33284;"RS_EvolMobiliLeafDeath";5;"risocas";"RS_EvolMobiliLeafDeath";9
33285;"RS_EvalSupplyTot";5;"risocas";"RS_EvalSupplyTot";10
33286;"RS_EvalRelPotLeafLength";5;"risocas";"RS_EvalRelPotLeafLength";4
33287;"RS_EvalDemandStructLeaf";5;"risocas";"RS_EvalDemandStructLeaf";12
33288;"RS_EvalDemandStructSheath";5;"risocas";"RS_EvalDemandStructSheath";8
33289;"RS_EvalDemandStructRoot";5;"risocas";"RS_EvalDemandStructRoot";16
33290;"RS_EvalDemandStructInternode";5;"risocas";"RS_EvalDemandStructInternode";8
33291;"RS_EvalDemandStructPanicle";5;"risocas";"RS_EvalDemandStructPanicle";10
33292;"RS_EvalDemandTotAndIcPreFlow";5;"risocas";"RS_EvalDemandTotAndIcPreFlow";17
33293;"RS_EvolGrowthStructLeafPop";5;"risocas";"RS_EvolGrowthStructLeafPop";6
33294;"RS_EvolGrowthStructSheathPop";5;"risocas";"RS_EvolGrowthStructSheathPop";6
33295;"RS_EvolGrowthStructRootPop";5;"risocas";"RS_EvolGrowthStructRootPop";6
33296;"RS_EvolGrowthStructINPop";5;"risocas";"RS_EvolGrowthStructINPop";6
33297;"RS_EvolGrowthStructPanPop";5;"risocas";"RS_EvolGrowthStructPanPop";6
33298;"RS_EvolGrowthStructTot";5;"risocas";"RS_EvolGrowthStructTot";9
33299;"RS_AddResToGrowthStructPop";5;"risocas";"RS_AddResToGrowthStructPop";20
33300;"RS_EvolDemPanFilPopAndIcPFlow";5;"risocas";"RS_EvolDemPanFilPopAndIcPFlow";14
33301;"RS_EvolPanicleFilPop";5;"risocas";"RS_EvolPanicleFilPop";14
33302;"RS_EvolGrowthReserveInternode";5;"risocas";"RS_EvolGrowthReserveInternode";13
33303;"RS_EvolGrowthTot";5;"risocas";"RS_EvolGrowthTot";10
33304;"RS_EvolDryMatTot";5;"risocas";"RS_EvolDryMatTot";40
33305;"RS_EvalLai";5;"risocas";"RS_EvalLai";6
33306;"RS_EvalClumpAndLightInter";5;"risocas";"RS_EvalClumpAndLightInter";14
33307;"RS_EvalSlaMitch";5;"risocas";"RS_EvalSlaMitch";15
33308;"RS_EvolPSPMVMD";5;"risocas";"RS_EvolPSPMVMD";11
33309;"RS_EvolSomDegresJourCor";5;"risocas";"RS_EvolSomDegresJourCor";3
33310;"RS_EvalRUE";5;"risocas";"RS_EvalRUE";32
33315;"RS_InitParcelle";1;"risocas";"RS_InitParcelle";21
33316;"RS_InitiationCulture";2;"risocas";"RS_InitiationCulture";99
33317;"RS_LeafRolling";5;"risocas";"RS_LeafRolling";6
33318;"RS_EvalRootFront";5;"risocas";"RS_EvalRootFront";4
33319;"RS_EvalSDJPhase4";5;"risocas";"RS_EvalSDJPhase4";3
33320;"RS_EvalDateGermination";5;"risocas";"RS_EvalDateGermination";3
33321;"RS_EvalSterility";5;"risocas";"RS_EvalSterility";15
33322;"RS_EvalTMinMoy";5;"Riz";"RS_EvalTMinMoy";4
33323;"RS_EvalFtswMoy";5;"Riz";"RS_EvalFtswMoy";4
33324;"RS_EvalTMaxMoy";5;"Riz";"RS_EvalTMaxMoy";4
33325;"RS_ResetVariablesToZero";5;"risocas";"RS_ResetVariablesToZero";50
33326;"RS_EvalMaximumLai";5;"risocas";"RS_EvalMaximumLai";5
33327;"RS_EvalAssimPot";5;"risocas";"RS_EvalAssimPot";9
33328;"RS_EvalEvapPot";5;"risocas";"RS_EvalEvapPot";3
33329;"RS_InitParcelle_V2";1;"risocas";"RS_InitParcelle_V2";28
33330;"RS_Transplanting_V2";2;"risocas";"RS_Transplanting_V2";16
33331;"RS_EvolPlantTilNumTot_V2";5;"risocas";"RS_EvolPlantTilNumTot_V2";14
33332;"RS_EvolMobiliTillerDeath_V2";5;"risocas";"RS_EvolMobiliTillerDeath_V2";12
33333;"RS_EvalDemandStructLeaf_V2";5;"risocas";"RS_EvalDemandStructLeaf_V2";13
33334;"RS_EvalDemandStructRoot_V2";5;"risocas";"RS_EvalDemandStructRoot_V2";19
33335;"RS_EvalDemandStructIN_V2";5;"risocas";"RS_EvalDemandStructIN_V2";8
33336;"RS_EvalDemandStructPanicle_V2";5;"risocas";"RS_EvalDemandStructPanicle_V2";11
33337;"RS_EvolDryMatTot_V2";5;"risocas";"RS_EvolDryMatTot_V2";40
33338;"RS_EvalClumpAndLightInter_V2";5;"risocas";"RS_EvalClumpAndLightInter_V2";12
33339;"RS_TransplantingShock_V2";5;"risocas";"RS_TransplantingShock_V2";3
33340;"RS_EvolEvapSurfRFE_RDE_V2";1;"risocas";"RS_EvolEvapSurfRFE_RDE_V2";24
33342;"RS_EvolRempliResRFE_RDE_V2";1;"risocas";"RS_EvolRempliResRFE_RDE_V2";24
33343;"RS_AutomaticIrrigation_V2";1;"risocas";"RS_AutomaticIrrigation_V2";16
33345;"RS_EvolRurRFE_RDE_V2";1;"risocas";"RS_EvolRurRFE_RDE_V2";19
33346;"RS_EvolConsRes_Flood_V2";1;"risocas";"RS_EvolConsRes_Flood_V2";19
33347;"RS_EvalRuiss_FloodDyna_V2";1;"risocas";"RS_EvalRuiss_FloodDyna_V2";17
33348;"RS_PlantSubmergence_V2";5;"risocas";"RS_PlantSubmergence_V2";3
33349;"RS_ExcessAssimilToRoot_V2";5;"risocas";"RS_ExcessAssimilToRoot_V2";8
33350;"RS_EvolRempliMacropores_V2";2;"risocas";"RS_EvolRempliMacropores_V2";16
33351;"RS_EvalFTSW_V2";2;"risocas";"RS_EvalFTSW_V2";6
33353;"RS_EvalDAF_V2";5;"risocas";"RS_EvalDAF_V2";2
33354;"RS_EvalSimStartGermin";1;"risocas";"RS_EvalSimStartGermin";4
33355;"RS_EvalSimEmergence";5;"risocas";"RS_EvalSimEmergence";4
33356;"RS_EvalSimStartPSP";5;"risocas";"RS_EvalSimStartPSP";4
33357;"RS_EvalSimPanIni";5;"risocas";"RS_EvalSimPanIni";4
33358;"RS_EvalSimAnthesis50";5;"risocas";"RS_EvalSimAnthesis50";4
33359;"RS_EvalSimStartMatu2";5;"risocas";"RS_EvalSimStartMatu2";4
33360;"RS_EvalSimEndCycle";5;"risocas";"RS_EvalSimEndCycle";4
33361;"RS_EvalColdStress";5;"risocas";"RS_EvalColdStress";4
33362;"RS_EvalAssim";2;"risocas";"RS_EvalAssim";3
33363;"RS_Priority2GrowthPanStrctPop";5;"risocas";"RS_Priority2GrowthPanStrctPop";4
33364;"RS_KeyResults_V2";5;"risocas";"RS_KeyResults_V2";56
33365;"RS_EvalDegresJourCorVitMoy_V2";5;"risocas";"RS_EvalDegresJourVitMoy_V2";12
33366;"RS_EvolWaterLoggingUpland_V2";2;"risocas";"RS_EvolWaterLoggingUpland_V2";6
33367;"RS_EvalStressWaterLogging_V2";2;"risocas";"RS_EvalStressWaterLogging_V2";8
33368;"RS_EvalCstrPFactorFAO_V2";2;"risocas";"RS_EvalCstrPFactorFAO_V2";7
33369;"EvalRespMaintSarrahV3";2;"BilanCarbonSarra";"EvalRespMaintSarrahV3";7
33370;"BilhyRunoffIrrigAuto";4;"BilEau";"EvalRunOffIrrigAuto";13
33371;"RS_ResetVariablesToZero_V2_1";5;"risocas";"RS_ResetVariablesToZero_V2_1";51
33372;"RS_Priority2GrowthPanStrctPop_V2_1";5;"risocas";"RS_Priority2GrowthPanStrctPop_V2_1";16
33373;"RS_LeafRolling_V2_1";5;"risocas";"RS_LeafRolling_V2_1";6
33374;"RS_KeyResults_V2_1";5;"risocas";"RS_KeyResults_V2_1";66
33375;"RS_EvolRurRFE_RDE_V2_1";1;"risocas";"RS_EvolRurRFE_RDE_V2_1";23
33376;"RS_EvolPanicleFilPop_V2_1";5;"risocas";"RS_EvolPanicleFilPop_V2_1";16
33377;"RS_EvolMobiliTillerDeath_V2_1";5;"risocas";"RS_EvolMobiliTillerDeath_V2_1";12
33378;"RS_EvolMobiliLeafDeath_V2_1";5;"risocas";"RS_EvolMobiliLeafDeath_V2_1";9
33379;"RS_EvolHauteur_SDJ_cstr_V2_1";5;"risocas";"RS_EvolHauteur_SDJ_cstr_V2_1";18
33380;"RS_EvolGrowthTot_V2_1";5;"risocas";"RS_EvolGrowthTot_V2_1";13
33381;"RS_EvolGrowthStructTot_V2_1";5;"risocas";"RS_EvolGrowthStructTot_V2_1";13
33382;"RS_EvolGrowthStructLeafPop_V2_1";5;"risocas";"RS_EvolGrowthStructLeafPop_V2_1";7
33383;"RS_EvolGrowthStructINPop_V2_1";5;"risocas";"RS_EvolGrowthStructINPop_V2_1";8
33384;"RS_EvolGrowthReserveInternode_V2_1";5;"risocas";"RS_EvolGrowthReserveInternode_V2_1";15
33385;"RS_EvolEvapSurfRFE_RDE_V2_1";1;"risocas";"RS_EvolEvapSurfRFE_RDE_V2_1";24
33386;"RS_EvolDryMatTot_V2_1";5;"risocas";"RS_EvolDryMatTot_V2_1";49
33387;"RS_EvolDemPanFilPopAndIcPFlow_V2_1";5;"risocas";"RS_EvolDemPanFilPopAndIcPFlow_V2_1";15
33388;"RS_EvalSupplyTot_V2_1";5;"risocas";"RS_EvalSupplyTot_V2_1";11
33389;"RS_EvalSimEndCycle_V2_1";5;"risocas";"RS_EvalSimEndCycle_V2_1";4
33390;"RS_EvalRUE_V2_1";5;"risocas";"RS_EvalRUE_V2_1";38
33391;"RS_EvalParIntercepte_V2_1";2;"risocas";"RS_EvalParIntercepte_V2_1";5
33392;"RS_EvalLai_V2_1";5;"risocas";"RS_EvalLai_V2_1";13
33393;"RS_EvalDemandTotAndIcPreFlow_V2_1";5;"risocas";"RS_EvalDemandTotAndIcPreFlow_V2_1";19
33394;"RS_EvalDemandStructLeaf_V2_1";5;"risocas";"RS_EvalDemandStructLeaf_V2_1";14
33395;"RS_EvalDemandStructIN_V2_1";5;"risocas";"RS_EvalDemandStructIN_V2_1";13
33396;"RS_EvalClumpAndLightInter_V2_1";5;"risocas";"RS_EvalClumpAndLightInter_V2_1";12
33397;"RS_EvalAssimPot_V2_1";5;"risocas";"RS_EvalAssimPot_V2_1";17
33398;"RS_AutomaticIrrigation_V2_1";1;"risocas";"RS_AutomaticIrrigation_V2_1";32
33399;"BhyCropWaterNeed_V2_1";2;"Bileau";"DemandePlante_V2_1";6
33400;"RS_AddResToGrowthStructPop_V2_1";5;"risocas";"RS_AddResToGrowthStructPop_V2_1";24
33401;"RS_ResetVariablesToZero_V2_2";5;"risocas";"RS_ResetVariablesToZero_V2_2";52
33402;"RS_EvalRUE_V2_2";5;"risocas";"RS_EvalRUE_V2_2";40
33403;"RS_EvolMobiliTillerDeath_V2_2";5;"risocas";"RS_EvolMobiliTillerDeath_V2_2";12
33404;"RS_EvalSlaMitch_V2_2";5;"risocas";"RS_EvalSlaMitch_V2_2";16
33405;"RS_EvalRelPotLeafLength_V2_2";5;"risocas";"RS_EvalRelPotLeafLength_V2_2";4
33406;"RS_EvolPlantTilNumTot_V2_2";5;"risocas";"RS_EvolPlantTilNumTot_V2_2";14
33407;"RS_EvalRespMaint_V2_2";2;"risocas";"RS_EvalRespMaint_V2_2";15
33408;"RS_Transplanting_V2_2";2;"risocas";"RS_Transplanting_V2_2";18
33409;"RS_EvalTMaxMoy_V2_3";5;"Riz";"RS_EvalTMaxMoy_V2_3";7
